{
  "method": "rule_based",
  "accuracy": 0.7576,
  "total": 198,
  "correct": 150,
  "per_category": {
    "3": {
      "total": 30,
      "correct": 20,
      "accuracy": 0.6666666666666666
    },
    "1": {
      "total": 23,
      "correct": 19,
      "accuracy": 0.8260869565217391
    },
    "5": {
      "total": 30,
      "correct": 27,
      "accuracy": 0.9
    },
    "8": {
      "total": 6,
      "correct": 2,
      "accuracy": 0.3333333333333333
    },
    "6": {
      "total": 30,
      "correct": 28,
      "accuracy": 0.9333333333333333
    },
    "9": {
      "total": 18,
      "correct": 3,
      "accuracy": 0.16666666666666666
    },
    "2": {
      "total": 29,
      "correct": 25,
      "accuracy": 0.8620689655172413
    },
    "4": {
      "total": 21,
      "correct": 15,
      "accuracy": 0.7142857142857143
    },
    "7": {
      "total": 11,
      "correct": 11,
      "accuracy": 1.0
    }
  }
}