{
  "method": "combined",
  "accuracy": 0.7222,
  "total": 198,
  "correct": 143,
  "per_category": {
    "3": {
      "total": 30,
      "correct": 19,
      "accuracy": 0.6333333333333333
    },
    "1": {
      "total": 23,
      "correct": 20,
      "accuracy": 0.8695652173913043
    },
    "5": {
      "total": 30,
      "correct": 27,
      "accuracy": 0.9
    },
    "8": {
      "total": 6,
      "correct": 2,
      "accuracy": 0.3333333333333333
    },
    "6": {
      "total": 30,
      "correct": 21,
      "accuracy": 0.7
    },
    "9": {
      "total": 18,
      "correct": 4,
      "accuracy": 0.2222222222222222
    },
    "2": {
      "total": 29,
      "correct": 26,
      "accuracy": 0.896551724137931
    },
    "4": {
      "total": 21,
      "correct": 17,
      "accuracy": 0.8095238095238095
    },
    "7": {
      "total": 11,
      "correct": 7,
      "accuracy": 0.6363636363636364
    }
  }
}